image_path,mood,weather,time_of_day,occasion,size_pref,outfit_category
/content/drive/MyDrive/What2WearImages/BOTTOMS/jeans/01095da2-e1f2-4819-abbe-9e687fb12e74.jpg,happy,sunny,morning,college,fitted,casual
/content/drive/MyDrive/What2WearImages/BOTTOMS/jeans/03f10695-630d-4f57-9690-a9c8464eabfc.jpg,tired,rainy,evening,home,loose,comfy
/content/drive/MyDrive/What2WearImages/BOTTOMS/jeans/1f7e86f2-32ab-4ff1-8763-c8e64c081baa.jpg,confident,sunny,afternoon,date,fitted,edgy
/content/drive/MyDrive/What2WearImages/BOTTOMS/jeans/37d33e3f-125e-4312-87ce-eddf3fb566ec.jpg,romantic,foggy,night,party,fitted,party
/content/drive/MyDrive/What2WearImages/BOTTOMS/jeans/55583143-b98d-4bd4-a12b-e4a6a532e6ce.jpg,anxious,cold,morning,work,loose,formal
/content/drive/MyDrive/What2WearImages/BOTTOMS/jeans/6096b8a4-8f8f-40e4-bd2f-785107fa62f2.jpg,happy,sunny,afternoon,college,fitted,casual
/content/drive/MyDrive/What2WearImages/BOTTOMS/jeans/75d2ee3a-cb7b-4e9f-90c1-1717cfc8c9df.jpg,tired,cold,evening,home,oversized,comfy
/content/drive/MyDrive/What2WearImages/BOTTOMS/jeans/ab272e77-9dd2-4bd6-abc6-405d9d253002.jpg,confident,humid,evening,date,fitted,edgy
/content/drive/MyDrive/What2WearImages/BOTTOMS/jeans/f5d80543-7f24-4bd7-bad7-93e57b51f4cb.jpg,neutral,rainy,morning,work,fitted,formal
/content/drive/MyDrive/What2WearImages/BOTTOMS/jeans/f9a2045c-1828-49a3-a38e-cafeb1187c6f.jpg,anxious,sunny,afternoon,college,loose,casual
/content/drive/MyDrive/What2WearImages/BOTTOMS/jeans/fb4f9e1c-38fa-4c10-8704-7a4dd11d0f95.jpg,happy,sunny,morning,party,fitted,party
/content/drive/MyDrive/What2WearImages/BOTTOMS/jeans/fcecb570-94e8-47b8-a70f-d5b14d881a2a.jpg,tired,cold,night,home,loose,comfy
/content/drive/MyDrive/What2WearImages/BOTTOMS/jeans/fe3d8ee2-0b53-47d1-a204-963b70f720c3.jpg,confident,sunny,morning,date,fitted,edgy
/content/drive/MyDrive/What2WearImages/BOTTOMS/jeans/ff726c06-c3cd-430e-a618-207a3f1ef580.jpg,romantic,foggy,evening,party,fitted,party
/content/drive/MyDrive/What2WearImages/BOTTOMS/jeans/fff44ef5-69cf-47a5-927c-bc5b0e6f58a5.jpg,anxious,rainy,morning,work,loose,formal
/content/drive/MyDrive/What2WearImages/BOTTOMS/jeans/7a8872fa-d759-4fc1-9960-3095e94b2826.jpg,confident,cloudy,afternoon,date,fitted,formal
/content/drive/MyDrive/What2WearImages/BOTTOMS/jeans/892e8827-72bb-4a3f-a329-3bd563435c33.jpg,tired,humid,evening,home,oversized,comfy
/content/drive/MyDrive/What2WearImages/BOTTOMS/jeans/a54f96eb-0382-4638-9cd7-e729ec76d918.jpg,happy,sunny,morning,college,fitted,casual
/content/drive/MyDrive/What2WearImages/BOTTOMS/jeans/bf3e3a2c-b0c1-4cf6-9be0-d14425768c7e.jpg,romantic,rainy,evening,date,fitted,comfy
/content/drive/MyDrive/What2WearImages/BOTTOMS/jeans/c5d59f8e-4de6-4f1d-936e-926ca916edc5.jpg,neutral,cold,morning,work,loose,formal
/content/drive/MyDrive/What2WearImages/BOTTOMS/jeans/ca0323ed-983f-4ef6-8148-160b6b8a9792.jpg,anxious,windy,afternoon,college,loose,casual
/content/drive/MyDrive/What2WearImages/BOTTOMS/jeans/ded9bca9-1898-4f18-a1e2-89de2a3182f4.jpg,happy,foggy,morning,coffee date,fitted,casual
/content/drive/MyDrive/What2WearImages/BOTTOMS/jeans/e0c5a0e4-e9cc-4ad3-90a1-515b2b0a1cb3.jpg,confident,sunny,evening,party,fitted,edgy
/content/drive/MyDrive/What2WearImages/BOTTOMS/jeans/e14ce304-8b76-4c17-bf2e-2c10f4f3c964.jpg,tired,rainy,afternoon,gym,loose,sporty
/content/drive/MyDrive/What2WearImages/BOTTOMS/jeans/e7033fcb-e240-47e6-8904-4fc55e60024e.jpg,romantic,sunny,morning,date,fitted,cute
/content/drive/MyDrive/What2WearImages/BOTTOMS/jeans/eaf85dc6-b3d4-4935-a4ae-4ed6fd1492a1.jpg,happy,sunny,afternoon,brunch,fitted,casual
/content/drive/MyDrive/What2WearImages/BOTTOMS/jeans/f86d3d50-987a-42c7-83c6-c1fdd9c7a1c0.jpg,anxious,cold,evening,home,oversized,comfy
/content/drive/MyDrive/What2WearImages/BOTTOMS/jeans/fa59764e-7f1d-4488-8a6f-c0c4d34dcf7c.jpg,neutral,foggy,afternoon,college,loose,casual
/content/drive/MyDrive/What2WearImages/BOTTOMS/jeans/fbb7c47f-25e3-4d4b-9c86-982905849314.jpg,happy,sunny,morning,college,fitted,casual
/content/drive/MyDrive/What2WearImages/BOTTOMS/jeans/fc813898-fc92-4eb3-8ef2-1ab4e1a5d597.jpg,confident,humid,evening,party,fitted,edgy
/content/drive/MyDrive/What2WearImages/BOTTOMS/jeans/fe9e537b-1d76-48f3-8205-4cf14fcd6809.jpg,tired,rainy,morning,work,loose,formal
/content/drive/MyDrive/What2WearImages/BOTTOMS/jeans/1f54e11c-d62b-4eb6-a395-8ebd7a5bdf57.jpg,confident,sunny,afternoon,date,fitted,formal
/content/drive/MyDrive/What2WearImages/BOTTOMS/jeans/14f71a35-8287-4099-9880-00dc7d3ea261.jpg,happy,sunny,morning,college,fitted,casual
/content/drive/MyDrive/What2WearImages/BOTTOMS/jeans/20260a3e-0c01-4a3b-a6f9-63f174e5aa9a.jpg,tired,rainy,evening,home,oversized,comfy
/content/drive/MyDrive/What2WearImages/BOTTOMS/jeans/2dc7e59d-d9d7-4f9b-b601-04e4d9b45e61.jpg,romantic,foggy,night,party,fitted,party
/content/drive/MyDrive/What2WearImages/BOTTOMS/jeans/33169de4-1c14-43e0-99b3-2a1b1ff370d4.jpg,anxious,cold,morning,work,loose,formal
/content/drive/MyDrive/What2WearImages/BOTTOMS/jeans/37215bd9-2c71-4c33-b6ed-3f847f1793a8.jpg,neutral,sunny,afternoon,college,fitted,casual
/content/drive/MyDrive/What2WearImages/BOTTOMS/jeans/3b87290d-3d8d-45ef-8657-19d8bbf173dc.jpg,confident,humid,evening,date,fitted,edgy
/content/drive/MyDrive/What2WearImages/BOTTOMS/jeans/3e0c54b0-4c70-44ee-b5ef-50fba9fa4d4f.jpg,tired,rainy,morning,college,loose,comfy
/content/drive/MyDrive/What2WearImages/BOTTOMS/jeans/41b77d2e-56ec-4cc1-9c00-d0d5cdd2f39c.jpg,happy,sunny,morning,brunch,fitted,casual
/content/drive/MyDrive/What2WearImages/BOTTOMS/jeans/45e9d5e2-c221-404c-935f-97e3ab918f5e.jpg,confident,sunny,morning,work,fitted,formal
/content/drive/MyDrive/What2WearImages/BOTTOMS/jeans/4976d2fd-f0de-4b50-b0f0-e0973341dff3.jpg,romantic,cloudy,afternoon,date,fitted,casual
/content/drive/MyDrive/What2WearImages/BOTTOMS/jeans/4c1b2c65-4c4c-498e-8c2b-4765e0df546d.jpg,tired,rainy,night,home,oversized,comfy
/content/drive/MyDrive/What2WearImages/BOTTOMS/jeans/4fef6789-3d8f-4cb1-9a27-d2a6c417b3a3.jpg,happy,sunny,afternoon,picnic,fitted,casual
/content/drive/MyDrive/What2WearImages/BOTTOMS/jeans/525cb479-891f-48c1-a453-79b65c034355.jpg,anxious,cold,morning,work,loose,formal
/content/drive/MyDrive/What2WearImages/BOTTOMS/jeans/54d97bb1-5c8e-4e49-a2c5-cc8880d32c6b.jpg,confident,foggy,evening,party,fitted,party
/content/drive/MyDrive/What2WearImages/BOTTOMS/jeans/582c8b8d-2b4e-4d0a-9eb6-95d3c20e0b3a.jpg,tired,cloudy,afternoon,college,oversized,comfy
/content/drive/MyDrive/What2WearImages/BOTTOMS/jeans/5b3e7bb7-eaaf-4d8f-821a-81aeaa3dce6e.jpg,neutral,sunny,morning,casual hang,loose,casual
/content/drive/MyDrive/What2WearImages/BOTTOMS/jeans/5d2e2e1f-eef2-423e-a5b0-72a1366bb96f.jpg,romantic,sunny,evening,date,fitted,date
/content/drive/MyDrive/What2WearImages/BOTTOMS/jeans/60b3b5c5-7b13-4464-ae92-124273d90c6b.jpg,happy,sunny,morning,college,fitted,casual
/content/drive/MyDrive/What2WearImages/BOTTOMS/shorts/eff99b81-5a26-4211-8ace-08c45dcca1f2.jpg,happy,sunny,morning,college,fitted,casual
/content/drive/MyDrive/What2WearImages/BOTTOMS/shorts/Navy High Waist Loose Shorts.jpg,happy,sunny,morning,college,fitted,casual
/content/drive/MyDrive/What2WearImages/BOTTOMS/shorts/Shipping_ Worldwide Express Shipping‚Ä¶.jpg,happy,sunny,morning,college,fitted,casual
/content/drive/MyDrive/What2WearImages/BOTTOMS/shorts/Shorts con cinto.jpg,happy,sunny,morning,college,fitted,casual
/content/drive/MyDrive/What2WearImages/BOTTOMS/shorts/SPECIFICATIONSWaist Type_ HIGHStyle_ Office‚Ä¶.jpg,happy,sunny,morning,college,fitted,casual
/content/drive/MyDrive/What2WearImages/BOTTOMS/shorts/These stretch denim hot pants from DSQUARED2‚Ä¶.jpg,happy,sunny,morning,college,fitted,casual
/content/drive/MyDrive/What2WearImages/BOTTOMS/shorts/Transform your wardrobe with the Essentiel Antwerp‚Ä¶.jpg,happy,sunny,morning,college,fitted,casual
/content/drive/MyDrive/What2WearImages/BOTTOMS/shorts/Vilshenko Rebecca Cotton Raso Shorts ($565) ‚ù§‚Ä¶.jpg,happy,sunny,morning,college,fitted,casual
"/content/drive/MyDrive/What2WearImages/BOTTOMS/shorts/Wear it now_ shorts, not sweats - DisneyRollerGirl.jpg",happy,sunny,morning,college,fitted,casual
/content/drive/MyDrive/What2WearImages/BOTTOMS/shorts/Women High Waisted Casual Shorts with Pockets‚Ä¶.jpg,happy,sunny,morning,college,fitted,casual
/content/drive/MyDrive/What2WearImages/BOTTOMS/shorts/ÿ¥Ÿàÿ±ÿ™ ÿ¨ŸäŸÜÿ≤ ŸÉÿßÿ¨ŸàÿßŸÑ ŸÖÿ∑ÿßÿ®ŸÇ ŸÑŸÑŸÖÿ±ÿ£ÿ©ÿå ÿ£ÿ≤ÿ±ŸÇ ÿ£ÿ≤ÿ±ŸÇ ŸÖÿ™Ÿàÿ≥ÿ∑‚Ä¶.jpg,happy,sunny,morning,college,fitted,casual
/content/drive/MyDrive/What2WearImages/BOTTOMS/skirts/1dc03c35-b488-4ea4-8030-3f507f76797d.jpg,happy,sunny,morning,college,fitted,casual
/content/drive/MyDrive/What2WearImages/BOTTOMS/skirts/21ea1ab0-b8f3-4c7d-953c-6ce7c3c2dd1e.jpg,happy,sunny,morning,college,fitted,casual
/content/drive/MyDrive/What2WearImages/BOTTOMS/skirts/2b481f69-fe02-447b-8078-0855178ae44a.jpg,happy,sunny,morning,college,fitted,casual
/content/drive/MyDrive/What2WearImages/BOTTOMS/skirts/2faf5002-47cf-4ac1-9823-ded55ed0e33a.jpg,happy,sunny,morning,college,fitted,casual
/content/drive/MyDrive/What2WearImages/BOTTOMS/skirts/30-70% OFF‚úì Fast Shipping‚úìExplore timeless‚Ä¶.jpg,happy,sunny,morning,college,fitted,casual
/content/drive/MyDrive/What2WearImages/BOTTOMS/skirts/32874e85-a5a9-4c74-82d9-7c2934545ab9.jpg,happy,sunny,morning,college,fitted,casual
/content/drive/MyDrive/What2WearImages/BOTTOMS/skirts/478aeddf-330d-4a5a-8f4c-2d01bf644fec.jpg,happy,sunny,morning,college,fitted,casual
/content/drive/MyDrive/What2WearImages/BOTTOMS/skirts/849c7905-121f-4a84-b30b-54a0bfd73dec.jpg,happy,sunny,morning,college,fitted,casual
/content/drive/MyDrive/What2WearImages/BOTTOMS/skirts/ad363469-fe23-463e-9b4a-9d508aa0bf66.jpg,happy,sunny,morning,college,fitted,casual
/content/drive/MyDrive/What2WearImages/BOTTOMS/skirts/bd9b6c5e-28ed-4bc6-b1b3-9a5416fa934c.jpg,happy,sunny,morning,college,fitted,casual
/content/drive/MyDrive/What2WearImages/BOTTOMS/skirts/ae4ee9e9-02c6-4cf8-859b-4df3dd7f7bd0.jpg,happy,sunny,morning,college,fitted,casual
/content/drive/MyDrive/What2WearImages/BOTTOMS/skirts/bd9dba2a-164b-42ce-bb7d-d3a2d9f5b745.jpg,happy,sunny,morning,college,fitted,casual
/content/drive/MyDrive/What2WearImages/BOTTOMS/skirts/c7d59e93-5d4d-4bb2-8101-23b5806b30d0.jpg,happy,sunny,morning,college,fitted,casual
/content/drive/MyDrive/What2WearImages/BOTTOMS/skirts/d1620c0c-9633-45f0-a74c-f59d964fd60e.jpg,happy,sunny,morning,college,fitted,casual
/content/drive/MyDrive/What2WearImages/BOTTOMS/skirts/d564b4a5-5f88-4655-b632-1dfbdf6f3fdd.jpg,happy,sunny,morning,college,fitted,casual
/content/drive/MyDrive/What2WearImages/BOTTOMS/skirts/b255c63d-41c0-44f8-a23d-06063e9f524e.jpg,happy,sunny,morning,college,fitted,casual
/content/drive/MyDrive/What2WearImages/BOTTOMS/skirts/dc8e91b7-d3d1-4f9b-a6c4-e626fa0d1f89.jpg,happy,sunny,morning,college,fitted,casual
/content/drive/MyDrive/What2WearImages/BOTTOMS/skirts/de114387-52d3-4b39-b2c9-f14d0f93bdcf.jpg,happy,sunny,morning,college,fitted,casual
/content/drive/MyDrive/What2WearImages/BOTTOMS/skirts/e0e55806-5e56-4ef6-9b00-95a6a93bbbd5.jpg,happy,sunny,morning,college,fitted,casual
/content/drive/MyDrive/What2WearImages/BOTTOMS/skirts/e35353f3-d7fa-48ce-a716-5c43e1fdf3e3.jpg,happy,sunny,morning,college,fitted,casual
/content/drive/MyDrive/What2WearImages/BOTTOMS/skirts/e4a15ce0-e30d-4ae8-b02e-d32cfc5cddf8.jpg,happy,sunny,morning,college,fitted,casual
/content/drive/MyDrive/What2WearImages/BOTTOMS/skirts/e573c1a7-9a44-4623-9f49-0574ffb1ae08.jpg,happy,sunny,morning,college,fitted,casual
/content/drive/MyDrive/What2WearImages/BOTTOMS/skirts/e8db9c6e-b5aa-47f6-b19a-760bd6cf5914.jpg,happy,sunny,morning,college,fitted,casual
/content/drive/MyDrive/What2WearImages/BOTTOMS/skirts/e9919447-1b56-48e1-91cc-9f12e23873a5.jpg,happy,sunny,morning,college,fitted,casual
/content/drive/MyDrive/What2WearImages/BOTTOMS/skirts/e9f24211-c6eb-4352-b68f-1adcd2cc9f9b.jpg,happy,sunny,morning,college,fitted,casual
/content/drive/MyDrive/What2WearImages/BOTTOMS/skirts/f53d9d47-2c83-4b29-b271-235bf4a84c9f.jpg,happy,sunny,morning,college,fitted,casual
/content/drive/MyDrive/What2WearImages/BOTTOMS/skirts/f8f340ff-e1e0-4557-927c-d8183201ef3a.jpg,happy,sunny,morning,college,fitted,casual
/content/drive/MyDrive/What2WearImages/BOTTOMS/skirts/fbd3e3e4-456e-4a5e-8bb8-01493fa4a38f.jpg,happy,sunny,morning,college,fitted,casual
/content/drive/MyDrive/What2WearImages/BOTTOMS/skirts/fce273be-dc3a-4a33-beb0-6167d5f17ec5.jpg,happy,sunny,morning,college,fitted,casual
/content/drive/MyDrive/What2WearImages/BOTTOMS/skirts/fd7a0cc0-bf62-45ec-b5b7-1de3b3b05dfc.jpg,happy,sunny,morning,college,fitted,casual
/content/drive/MyDrive/What2WearImages/BOTTOMS/skirts/fe97caa7-c1f9-4cc3-b7ed-ef34250cb007.jpg,happy,sunny,morning,college,fitted,casual
/content/drive/MyDrive/What2WearImages/BOTTOMS/skirts/ff5b9626-3f5b-44ce-b88b-7c71a4a5b6e6.jpg,happy,sunny,morning,college,fitted,casual
/content/drive/MyDrive/What2WearImages/BOTTOMS/skirts/ff8b9e6a-cd58-4103-a259-cfc50d26e3e5.jpg,happy,sunny,morning,college,fitted,casual
/content/drive/MyDrive/What2WearImages/BOTTOMS/skirts/ffc62a80-d7f3-4c1d-9624-2ea38e96408a.jpg,happy,sunny,morning,college,fitted,casual
/content/drive/MyDrive/What2WearImages/BOTTOMS/skirts/ffd3a849-8aa7-46a1-8d65-75560c0d7cc6.jpg,happy,sunny,morning,college,fitted,casual
/content/drive/MyDrive/What2WearImages/DRESSES/0e052b5d-4c92-4724-a222-1d1526d2e0c4.jpg,happy,sunny,morning,college,fitted,casual
/content/drive/MyDrive/What2WearImages/DRESSES/0fb505c8-3272-4c95-9d01-0b04d89f86f6.jpg,happy,sunny,morning,college,fitted,casual
/content/drive/MyDrive/What2WearImages/DRESSES/1d0eb405-170d-4f98-a47a-d769d2e1d385.jpg,happy,sunny,morning,college,fitted,casual
/content/drive/MyDrive/What2WearImages/DRESSES/2d56e775-92fa-46a7-8f40-2f4a12a41df6.jpg,happy,sunny,morning,college,fitted,casual
/content/drive/MyDrive/What2WearImages/BOTTOMS/trousers/a2049159-29da-4d7a-8a6f-0df6343eafad.jpg,happy,sunny,morning,college,fitted,casual
/content/drive/MyDrive/What2WearImages/BOTTOMS/trousers/b3a4afcc-421a-4da8-9049-e039592d995b.jpg,happy,sunny,morning,college,fitted,casual
/content/drive/MyDrive/What2WearImages/BOTTOMS/trousers/Black Solid Flare Leg Flare Pants Black Elegant‚Ä¶.jpg,happy,sunny,morning,college,fitted,casual
/content/drive/MyDrive/What2WearImages/BOTTOMS/trousers/c9bd4081-2a2d-4e32-b60c-ccc5d4a28852.jpg,happy,sunny,morning,college,fitted,casual
/content/drive/MyDrive/What2WearImages/BOTTOMS/trousers/D√©tails du produit_Ignite your strength and‚Ä¶.jpg,happy,sunny,morning,college,fitted,casual
/content/drive/MyDrive/What2WearImages/BOTTOMS/trousers/e2b222ed-8372-4974-9a10-e38b1a444408.jpg,happy,sunny,morning,college,fitted,casual
/content/drive/MyDrive/What2WearImages/BOTTOMS/trousers/e66c530d-29d0-434b-915f-d58008b6832e.jpg,happy,sunny,morning,college,fitted,casual
/content/drive/MyDrive/What2WearImages/BOTTOMS/trousers/e6cd29db-e8e7-4167-9ce9-d630b9a7fffb.jpg,happy,sunny,morning,college,fitted,casual
/content/drive/MyDrive/What2WearImages/BOTTOMS/trousers/f3c07a95-dacf-4189-b5e7-f3307be2eab6.jpg,happy,sunny,morning,college,fitted,casual
/content/drive/MyDrive/What2WearImages/BOTTOMS/trousers/fbfe5bd4-c975-4e89-babd-95e401662596.jpg,happy,sunny,morning,college,fitted,casual
/content/drive/MyDrive/What2WearImages/BOTTOMS/trousers/Flap Pocket Side Drawstring Waist SweatpantsI‚Ä¶.jpg,happy,sunny,morning,college,fitted,casual
/content/drive/MyDrive/What2WearImages/BOTTOMS/trousers/Knit Fabric High Elastic Waist Solid Wide Leg‚Ä¶.jpg,happy,sunny,morning,college,fitted,casual
/content/drive/MyDrive/What2WearImages/BOTTOMS/trousers/Miu Miu Fashion Collections For Women _ Moda‚Ä¶.jpg,happy,sunny,morning,college,fitted,casual
/content/drive/MyDrive/What2WearImages/BOTTOMS/trousers/Pleated Stretch-Wool Pants By Brandon Maxwell‚Ä¶.jpg,happy,sunny,morning,college,fitted,casual
/content/drive/MyDrive/What2WearImages/BOTTOMS/trousers/SPECIFICATIONSBrand Name_ ImcuteModel Number‚Ä¶.jpg,happy,sunny,morning,college,fitted,casual
/content/drive/MyDrive/What2WearImages/BOTTOMS/trousers/The Clara trousers are crafted from wool twill‚Ä¶.jpg,happy,sunny,morning,college,fitted,casual
/content/drive/MyDrive/What2WearImages/BOTTOMS/trousers/The Low Favorite Pant is our best-selling mid-rise‚Ä¶.jpg,happy,sunny,morning,college,fitted,casual
/content/drive/MyDrive/What2WearImages/Dress/bodycon/8ca4469f-f86e-4cbb-be2f-ce4699d81880.jpg,happy,sunny,morning,college,fitted,casual
/content/drive/MyDrive/What2WearImages/Dress/bodycon/972de895-2582-4887-8fb6-42b01d80b307.jpg,happy,sunny,morning,college,fitted,casual
/content/drive/MyDrive/What2WearImages/Dress/bodycon/9faa5130-b0a5-4897-b1b8-036a92a0dbb0.jpg,happy,sunny,morning,college,fitted,casual
/content/drive/MyDrive/What2WearImages/Dress/bodycon/c14e4f49-9a82-422f-bc97-92760d2930d5.jpg,happy,sunny,morning,college,fitted,casual
/content/drive/MyDrive/What2WearImages/Dress/bodycon/c299ad35-74d3-4570-9705-bc7c2e94d5c7.jpg,happy,sunny,morning,college,fitted,casual
/content/drive/MyDrive/What2WearImages/Dress/bodycon/c5276105-330c-4c9f-b6d8-10555cd89e3c.jpg,happy,sunny,morning,college,fitted,casual
/content/drive/MyDrive/What2WearImages/Dress/bodycon/c57615e7-c011-47fc-bc6c-6b4bb4aa5aa7.jpg,happy,sunny,morning,college,fitted,casual
/content/drive/MyDrive/What2WearImages/Dress/bodycon/c8ef1718-36a4-4d02-a51b-b5768f5ccdf1.jpg,happy,sunny,morning,college,fitted,casual
/content/drive/MyDrive/What2WearImages/Dress/bodycon/c90b32cb-f5a9-4e25-8a53-b9d01fdb3d9c.jpg,happy,sunny,morning,college,fitted,casual
/content/drive/MyDrive/What2WearImages/Dress/bodycon/cc0d52d9-8474-4e94-a47b-206c858b8e57.jpg,happy,sunny,morning,college,fitted,casual
/content/drive/MyDrive/What2WearImages/Dress/bodycon/ce0e10f2-3285-4ce8-80dc-6e25b65530b7.jpg,happy,sunny,morning,college,fitted,casual
/content/drive/MyDrive/What2WearImages/Dress/bodycon/d09c6fbd-cd5d-4435-9803-d2f9449646c5.jpg,happy,sunny,morning,college,fitted,casual
/content/drive/MyDrive/What2WearImages/Dress/bodycon/d0a82a08-33a9-42a4-98e5-22c20708dbb5.jpg,happy,sunny,morning,college,fitted,casual
/content/drive/MyDrive/What2WearImages/Dress/bodycon/d47f6d85-d0a1-4c40-8188-cf77d9eaf8c4.jpg,happy,sunny,morning,college,fitted,casual
/content/drive/MyDrive/What2WearImages/Dress/bodycon/a50288f8-8c50-4dbe-bfc2-8e167e2f130f.jpg,happy,sunny,morning,college,fitted,casual
/content/drive/MyDrive/What2WearImages/Dress/bodycon/a55a509a-8503-4b8e-9e64-cf03f7e939c3.jpg,happy,sunny,morning,college,fitted,casual
/content/drive/MyDrive/What2WearImages/Dress/bodycon/a72ef22d-4ff1-4c6e-a5d4-02b3c2a651cb.jpg,happy,sunny,morning,college,fitted,casual
/content/drive/MyDrive/What2WearImages/Dress/bodycon/b1109ec3-d997-4f2c-87f6-62b33890b491.jpg,happy,sunny,morning,college,fitted,casual
/content/drive/MyDrive/What2WearImages/Dress/bodycon/b1757a89-0e47-4b07-9bd7-1b8768d14ea0.jpg,happy,sunny,morning,college,fitted,casual
/content/drive/MyDrive/What2WearImages/Dress/bodycon/b3a30542-95f0-4074-83a8-9fc5b94bcd61.jpg,happy,sunny,morning,college,fitted,casual
/content/drive/MyDrive/What2WearImages/Dress/bodycon/b5c9a197-9865-4717-9db0-77e5fd2c69ed.jpg,happy,sunny,morning,college,fitted,casual
/content/drive/MyDrive/What2WearImages/Dress/bodycon/b89a08e5-5653-42ae-9f9a-cb8e683c7509.jpg,happy,sunny,morning,college,fitted,casual
/content/drive/MyDrive/What2WearImages/Dress/bodycon/bf3434fd-7c6c-41eb-b13d-e18a1f3d4642.jpg,happy,sunny,morning,college,fitted,casual
/content/drive/MyDrive/What2WearImages/Dress/bodycon/S.jpg,happy,sunny,morning,college,fitted,casual
/content/drive/MyDrive/What2WearImages/Dress/bodycon/Sometimes less is more ü§ç This ivory mini dress is‚Ä¶.jpg,happy,sunny,morning,college,fitted,casual
"/content/drive/MyDrive/What2WearImages/Dress/bodycon/–ø–ª–∞—Ç—å–µ, –ø–ª–∞—Ç—å–µ –∫–æ–º–±–∏–Ω–∞—Ü–∏—è, –ø–ª–∞—Ç—å–µ –Ω–∞ –≤—ã–ø—É—Å–∫–Ω–æ–π‚Ä¶.jpg",happy,sunny,morning,college,fitted,casual
/content/drive/MyDrive/What2WearImages/Dress/casual dresses/04db1208-85a8-4c6c-bc1b-21c57a80ccdf.jpg,happy,sunny,morning,college,fitted,casual
/content/drive/MyDrive/What2WearImages/Dress/casual dresses/0ec74673-2fe6-4a0e-91d8-7c56108f123e.jpg,happy,sunny,morning,college,fitted,casual
/content/drive/MyDrive/What2WearImages/Dress/casual dresses/0fb08262-9b8b-47d8-afbb-c13dbef6dd71.jpg,happy,sunny,morning,college,fitted,casual
/content/drive/MyDrive/What2WearImages/Dress/casual dresses/1940 Clothing for Women _ 40s Fashion History.jpg,happy,sunny,morning,college,fitted,casual
/content/drive/MyDrive/What2WearImages/Dress/casual dresses/208ec488-c62f-46f3-b355-dd7881d4193f.jpg,happy,sunny,morning,college,fitted,casual
/content/drive/MyDrive/What2WearImages/Dress/casual dresses/231c8a6a-e83b-4933-a3ca-ba2ff4d0a63b.jpg,happy,sunny,morning,college,fitted,casual
/content/drive/MyDrive/What2WearImages/Dress/casual dresses/2f442406-5ce5-4cc8-90a3-36f769f23894.jpg,happy,sunny,morning,college,fitted,casual
/content/drive/MyDrive/What2WearImages/Dress/casual dresses/4087b166-5293-4983-904e-d0dbe6d066a8.jpg,happy,sunny,morning,college,fitted,casual
/content/drive/MyDrive/What2WearImages/Dress/casual dresses/4ac5e6a3-009b-4ff4-b0f8-3c0ac3c3d040.jpg,happy,sunny,morning,college,fitted,casual
/content/drive/MyDrive/What2WearImages/Dress/casual dresses/57d32f71-856b-4711-8c6e-a573e4b5a59a.jpg,happy,sunny,morning,college,fitted,casual
/content/drive/MyDrive/What2WearImages/Dress/casual dresses/6c6edf9d-0f37-4d07-9b4e-3b4bbe51be0b.jpg,happy,sunny,morning,college,fitted,casual
/content/drive/MyDrive/What2WearImages/Dress/casual dresses/6c86d04b-5fe0-4193-aefa-7e39a4fcfdc1.jpg,happy,sunny,morning,college,fitted,casual
/content/drive/MyDrive/What2WearImages/Dress/casual dresses/74b9490e-d23b-4f77-9f5e-ffc27334e503.jpg,happy,sunny,morning,college,fitted,casual
/content/drive/MyDrive/What2WearImages/Dress/casual dresses/79718cda-2fa1-4c05-8b6a-4c82a24c4d04.jpg,happy,sunny,morning,college,fitted,casual
/content/drive/MyDrive/What2WearImages/Dress/casual dresses/7b129b79-1773-4b10-9a0d-6c7700c073ef.jpg,happy,sunny,morning,college,fitted,casual
/content/drive/MyDrive/What2WearImages/Dress/casual dresses/812e4d9f-d68a-4fa4-a3c8-de0cfd6beb2d.jpg,happy,sunny,morning,college,fitted,casual
/content/drive/MyDrive/What2WearImages/Dress/casual dresses/8f8fe9ff-f4c8-44f0-b78c-289f924091c6.jpg,happy,sunny,morning,college,fitted,casual
/content/drive/MyDrive/What2WearImages/Dress/casual dresses/9715f936-c051-4163-bbf2-52ef075bc4df.jpg,happy,sunny,morning,college,fitted,casual
/content/drive/MyDrive/What2WearImages/Dress/casual dresses/a ruffled shirt dress.jpg,happy,sunny,morning,college,fitted,casual
/content/drive/MyDrive/What2WearImages/Dress/casual dresses/a2571aaf-a594-4931-b204-6f125168277a.jpg,happy,sunny,morning,college,fitted,casual
/content/drive/MyDrive/What2WearImages/Dress/casual dresses/a3706cda-f94e-466b-9621-5b94cfc6dc1d.jpg,happy,sunny,morning,college,fitted,casual
/content/drive/MyDrive/What2WearImages/Dress/casual dresses/aada3a77-ed59-4259-8169-25cbcd0336d1.jpg,happy,sunny,morning,college,fitted,casual
/content/drive/MyDrive/What2WearImages/Dress/casual dresses/Amazon_com_ Verdusa Women's Long Sleeve Sweetheart‚Ä¶.jpg,happy,sunny,morning,college,fitted,casual
/content/drive/MyDrive/What2WearImages/Dress/casual dresses/b1db8fe6-a71d-4b7e-9404-e8556810cf33.jpg,happy,sunny,morning,college,fitted,casual
/content/drive/MyDrive/What2WearImages/Dress/casual dresses/b8ce70d9-19ca-47b4-9e41-d65ad8d0e150.jpg,happy,sunny,morning,college,fitted,casual
/content/drive/MyDrive/What2WearImages/Dress/casual dresses/BerryLook Women Dresses _ Pimenta de A√ß√∫car.jpg,happy,sunny,morning,college,fitted,casual
/content/drive/MyDrive/What2WearImages/Dress/casual dresses/d2dc3ce8-35d3-46f8-a6a2-5d0039f09cec.jpg,happy,sunny,morning,college,fitted,casual
/content/drive/MyDrive/What2WearImages/Dress/casual dresses/d55b3567-6435-48f2-a25d-82635bb7a4b3.jpg,happy,sunny,morning,college,fitted,casual
/content/drive/MyDrive/What2WearImages/Dress/casual dresses/d61538da-fc3e-494b-89a4-f9909b480841.jpg,happy,sunny,morning,college,fitted,casual
/content/drive/MyDrive/What2WearImages/Dress/casual dresses/df652357-4ab2-4e90-9889-e5e19deb8a68.jpg,happy,sunny,morning,college,fitted,casual
/content/drive/MyDrive/What2WearImages/Dress/casual dresses/e5f15920-2eff-49bb-89ef-1a1bf3f24c1d.jpg,happy,sunny,morning,college,fitted,casual
/content/drive/MyDrive/What2WearImages/Dress/casual dresses/e8afdfbb-b8d3-4bf4-af32-01c92f8ee605.jpg,happy,sunny,morning,college,fitted,casual
/content/drive/MyDrive/What2WearImages/Dress/casual dresses/efd8e597-6ca3-4219-a6be-16055303f2bf.jpg,happy,sunny,morning,college,fitted,casual
/content/drive/MyDrive/What2WearImages/Dress/casual dresses/fccad00a-7e1a-498b-b176-d8b49f2ddcbb.jpg,happy,sunny,morning,college,fitted,casual
/content/drive/MyDrive/What2WearImages/Dress/casual dresses/Green 1960s Crew Bowknot Sleeveless Dress _ Retro‚Ä¶.jpg,happy,sunny,morning,college,fitted,casual
/content/drive/MyDrive/What2WearImages/Dress/casual dresses/Lasaky - Elegant Silk Wrap Dress.jpg,happy,sunny,morning,college,fitted,casual
/content/drive/MyDrive/What2WearImages/Dress/casual dresses/MSGM ruffle detail dress ($555) ‚ù§ liked on‚Ä¶.jpg,happy,sunny,morning,college,fitted,casual
/content/drive/MyDrive/What2WearImages/Dress/casual dresses/Plus Size Short Bridesmaid Dresses for Women‚Ä¶.jpg,happy,sunny,morning,college,fitted,casual
/content/drive/MyDrive/What2WearImages/Dress/casual dresses/Tara Jarmon 210‚Ç¨.jpg,happy,sunny,morning,college,fitted,casual
/content/drive/MyDrive/What2WearImages/Dress/casual dresses/Unleash your inner chic with the Alani Dress_ This‚Ä¶.jpg,happy,sunny,morning,college,fitted,casual
/content/drive/MyDrive/What2WearImages/Dress/casual dresses/Vintage-Inspired - Keep Your Grin Up Shirt Dress.jpg,happy,sunny,morning,college,fitted,casual
/content/drive/MyDrive/What2WearImages/Dress/casual dresses/Women's 1950s Vintage Dress Cape Collar Vintage‚Ä¶.jpg,happy,sunny,morning,college,fitted,casual
/content/drive/MyDrive/What2WearImages/Dress/casual dresses/–ü–ª–∞—Ç—å–µ –∏–∑ —à—ë–ª–∫–∞ Alessandra Rich –ü–ª–∞—Ç—å–µ –°–∏–Ω–∏–π –Ω–∞‚Ä¶.jpg,happy,sunny,morning,college,fitted,casual
/content/drive/MyDrive/What2WearImages/Dress/summer dress/'tallulah's crisp fresh look has us dreaming of‚Ä¶.jpg,happy,sunny,morning,college,fitted,casual
/content/drive/MyDrive/What2WearImages/Dress/summer dress/0d155f90-9021-4ef0-aa2a-e8c8c88337a3.jpg,happy,sunny,morning,college,fitted,casual
/content/drive/MyDrive/What2WearImages/Dress/summer dress/1b6ac9dc-9e92-452d-bb7b-fd411a53c189.jpg,happy,sunny,morning,college,fitted,casual
/content/drive/MyDrive/What2WearImages/Dress/summer dress/4bd939c5-0689-40b6-9f94-f1288a60091d.jpg,happy,sunny,morning,college,fitted,casual
/content/drive/MyDrive/What2WearImages/Dress/summer dress/Description_ Beautiful floral printed dresses for‚Ä¶.jpg,happy,sunny,morning,college,fitted,casual
/content/drive/MyDrive/What2WearImages/Dress/summer dress/Description_ Keep your eyes on the horizon as you‚Ä¶.jpg,happy,sunny,morning,college,fitted,casual
/content/drive/MyDrive/What2WearImages/Dress/summer dress/Dresses - Clambake My Day Dress.jpg,happy,sunny,morning,college,fitted,casual
/content/drive/MyDrive/What2WearImages/Dress/summer dress/Fabric_ Polyester_ The fabric is comfortable for‚Ä¶.jpg,happy,sunny,morning,college,fitted,casual
/content/drive/MyDrive/What2WearImages/Dress/summer dress/Freshen up your garden-party style in a bustier‚Ä¶ (1).jpg,happy,sunny,morning,college,fitted,casual
/content/drive/MyDrive/What2WearImages/Dress/summer dress/Freshen up your garden-party style in a bustier‚Ä¶.jpg,happy,sunny,morning,college,fitted,casual
/content/drive/MyDrive/What2WearImages/Dress/summer dress/Freshen up your garden-party style in a‚Ä¶.jpg,happy,sunny,morning,college,fitted,casual
"/content/drive/MyDrive/What2WearImages/Dress/summer dress/From garden party to daytime wedding, this dreamy‚Ä¶.jpg",happy,sunny,morning,college,fitted,casual
/content/drive/MyDrive/What2WearImages/Dress/summer dress/Get ready for garden-party season in a dreamy‚Ä¶.jpg,happy,sunny,morning,college,fitted,casual
/content/drive/MyDrive/What2WearImages/Dress/summer dress/HOUSE OF CB Elia Floral Stretch Cotton Blend‚Ä¶.jpg,happy,sunny,morning,college,fitted,casual
/content/drive/MyDrive/What2WearImages/Dress/summer dress/Mor shopping store üåå _ Elbise √ßoox ≈ü…ôk…ôrdiii üî•‚ù§Ô∏è‚Ä¶.jpg,happy,sunny,morning,college,fitted,casual
"/content/drive/MyDrive/What2WearImages/Dress/summer dress/Narecte Summer Dresses for Women 2024,Tie Backless‚Ä¶.jpg",happy,sunny,morning,college,fitted,casual
/content/drive/MyDrive/What2WearImages/Dress/summer dress/PRICES MAY VARY_ Size Tip_ Please refer to the‚Ä¶.jpg,happy,sunny,morning,college,fitted,casual
/content/drive/MyDrive/What2WearImages/Dress/summer dress/Romantic floral dreams_ The Mirabelle gets updated‚Ä¶.jpg,happy,sunny,morning,college,fitted,casual
/content/drive/MyDrive/What2WearImages/Dress/summer dress/Shipping_ Worldwide Express Shipping‚Ä¶.jpg,happy,sunny,morning,college,fitted,casual
/content/drive/MyDrive/What2WearImages/Dress/summer dress/Step into a world of whimsy with the MILUMIA‚Ä¶.jpg,happy,sunny,morning,college,fitted,casual
/content/drive/MyDrive/What2WearImages/Dress/summer dress/Stoff__ Es besteht aus Polyester_ Polyester ist‚Ä¶.jpg,happy,sunny,morning,college,fitted,casual
/content/drive/MyDrive/What2WearImages/Dress/summer dress/Tender tie-strap midi dress with a flaring skirt‚Ä¶.jpg,happy,sunny,morning,college,fitted,casual
/content/drive/MyDrive/What2WearImages/Dress/summer dress/Tween Girl‚Ä¶.jpg,happy,sunny,morning,college,fitted,casual
/content/drive/MyDrive/What2WearImages/Dress/summer dress/Washing instructions_ Hand Wash Composition‚Ä¶.jpg,happy,sunny,morning,college,fitted,casual
/content/drive/MyDrive/What2WearImages/Dress/summer dress/What to Wear in Egypt - Stylish and Appropriate‚Ä¶.jpg,happy,sunny,morning,college,fitted,casual
/content/drive/MyDrive/What2WearImages/Dress/summer dress/‡πÄ‡∏î‡∏£‡∏™ ‡∏™‡∏ï‡∏£‡∏≠‡∏ß‡πå‡πÄ‡∏ö‡∏≠‡∏£‡πå‡∏£‡∏µ ‡∏•‡∏ß‡∏î‡∏•‡∏≤‡∏¢ ‡∏Ñ‡∏≠‡πÄ‡∏´‡∏•‡∏µ‡πà‡∏¢‡∏° ‡πÅ‡∏Ç‡∏ô‡∏û‡∏≠‡∏á ‡∏™‡∏µ‡∏Ç‡∏≤‡∏ß‚Ä¶.jpg,happy,sunny,morning,college,fitted,casual
/content/drive/MyDrive/What2WearImages/Outwear/blazers/0828fcb3-2e95-4f97-a7ca-765b0a5b2772.jpg,happy,sunny,morning,college,fitted,casual
/content/drive/MyDrive/What2WearImages/Outwear/blazers/0cc2ad64-a853-428f-a875-47d30e5d5fd3.jpg,happy,sunny,morning,college,fitted,casual
/content/drive/MyDrive/What2WearImages/Outwear/blazers/0fa5020d-70a0-40f3-87b0-d1ac0ad985aa.jpg,happy,sunny,morning,college,fitted,casual
/content/drive/MyDrive/What2WearImages/Outwear/blazers/37eda47d-c79a-4e9a-8bc3-980b1445337b.jpg,happy,sunny,morning,college,fitted,casual
/content/drive/MyDrive/What2WearImages/Outwear/blazers/3ca4ffc2-6c4f-4014-bb91-7324931ab028.jpg,happy,sunny,morning,college,fitted,casual
/content/drive/MyDrive/What2WearImages/Outwear/blazers/442f4d26-b53f-485a-b2a4-c8fc21013b9b.jpg,happy,sunny,morning,college,fitted,casual
/content/drive/MyDrive/What2WearImages/Outwear/blazers/45cf5d7d-8411-440b-b582-e58460f3696d.jpg,happy,sunny,morning,college,fitted,casual
/content/drive/MyDrive/What2WearImages/Outwear/blazers/5764ab73-413c-41d5-8617-eef9ae8aae41.jpg,happy,sunny,morning,college,fitted,casual
/content/drive/MyDrive/What2WearImages/Outwear/blazers/658a97e7-c3ce-4d86-939e-2aad2631dd8e.jpg,happy,sunny,morning,college,fitted,casual
/content/drive/MyDrive/What2WearImages/Outwear/blazers/78ee8966-4dd7-403a-b641-4435f665d1dc.jpg,happy,sunny,morning,college,fitted,casual
/content/drive/MyDrive/What2WearImages/Outwear/blazers/ad162c6a-0dc4-4f6c-a91d-dc5122c6e7db.jpg,happy,sunny,morning,college,fitted,casual
/content/drive/MyDrive/What2WearImages/Outwear/blazers/d02c0fac-b288-4381-8211-1b9402ff4309.jpg,happy,sunny,morning,college,fitted,casual
/content/drive/MyDrive/What2WearImages/Outwear/blazers/d5558f5d-f97d-4297-b3dc-b1048ef33fbc.jpg,happy,sunny,morning,college,fitted,casual
/content/drive/MyDrive/What2WearImages/Outwear/blazers/dae72c23-5d6a-4019-9ff5-3e6b029c716e.jpg,happy,sunny,morning,college,fitted,casual
/content/drive/MyDrive/What2WearImages/Outwear/blazers/DescriptionFashion Temperament Ladies Office‚Ä¶.jpg,happy,sunny,morning,college,fitted,casual
/content/drive/MyDrive/What2WearImages/Outwear/blazers/e4488c01-74c1-4985-9fc8-afe132e2e36a.jpg,happy,sunny,morning,college,fitted,casual
/content/drive/MyDrive/What2WearImages/Outwear/blazers/f00b5a64-df3b-42f9-b320-de96143153c1.jpg,happy,sunny,morning,college,fitted,casual
/content/drive/MyDrive/What2WearImages/Outwear/blazers/Fabric_ Polyester_ The fabric is comfortable for‚Ä¶.jpg,happy,sunny,morning,college,fitted,casual
/content/drive/MyDrive/What2WearImages/Outwear/blazers/Fabric_ Polyester_Care_ Dry clean only_Package‚Ä¶ (1).jpg,happy,sunny,morning,college,fitted,casual
/content/drive/MyDrive/What2WearImages/Outwear/blazers/Fabric_ Polyester_Care_ Dry clean only_Package‚Ä¶.jpg,happy,sunny,morning,college,fitted,casual
/content/drive/MyDrive/What2WearImages/Outwear/blazers/ff77e625-adef-4366-b66e-0a9ef8b686b8.jpg,happy,sunny,morning,college,fitted,casual
/content/drive/MyDrive/What2WearImages/Outwear/blazers/Find Streetwear Women Retro Loose Short Pu Faux‚Ä¶.jpg,happy,sunny,morning,college,fitted,casual
/content/drive/MyDrive/What2WearImages/Outwear/blazers/Find Women Double Breasted Blazer Coat Flap‚Ä¶.jpg,happy,sunny,morning,college,fitted,casual
/content/drive/MyDrive/What2WearImages/Outwear/blazers/hope you like it.jpg,happy,sunny,morning,college,fitted,casual
/content/drive/MyDrive/What2WearImages/Outwear/blazers/Shipping_ Worldwide Express Shipping‚Ä¶ (1).jpg,happy,sunny,morning,college,fitted,casual
/content/drive/MyDrive/What2WearImages/Outwear/blazers/Shipping_ Worldwide Express Shipping‚Ä¶.jpg,happy,sunny,morning,college,fitted,casual
/content/drive/MyDrive/What2WearImages/Outwear/blazers/SPECIFICATIONSBrand Name_ sellyseaAge_ MIDDLE‚Ä¶.jpg,happy,sunny,morning,college,fitted,casual
"/content/drive/MyDrive/What2WearImages/Outwear/blazers/Spring can also be dark, moody, and sexy üòà enjoy‚Ä¶.jpg",happy,sunny,morning,college,fitted,casual
/content/drive/MyDrive/What2WearImages/Outwear/blazers/Women's The Faux Leather Moto Jacket _ Women's‚Ä¶.jpg,happy,sunny,morning,college,fitted,casual
/content/drive/MyDrive/What2WearImages/Outwear/blazers/Zara Faux Leather Cropped Blazer.jpg,happy,sunny,morning,college,fitted,casual
/content/drive/MyDrive/What2WearImages/Outwear/blazers/–õ—é–±–æ–π –≤–µ—Ä—Ö –±–∞–∑–æ–≤–∞—è –≤–µ—Ç—Ä–æ–≤–∫–∞.jpg,happy,sunny,morning,college,fitted,casual
/content/drive/MyDrive/What2WearImages/Outwear/blazers/‚Ä¢–≤–µ—Ç—Ä–æ–≤–∫–∞ –Ω–∞ –∑–∞–∫–∞–∑! ü§ç ‚Ä¢—Ä–∞–∑–º–µ—Ä—ã_ s m l ‚Ä¢—Ü–µ–Ω–∞‚Ä¶ (1).jpg,happy,sunny,morning,college,fitted,casual
/content/drive/MyDrive/What2WearImages/Outwear/blazers/‚Ä¢–≤–µ—Ç—Ä–æ–≤–∫–∞ –Ω–∞ –∑–∞–∫–∞–∑! ü§ç ‚Ä¢—Ä–∞–∑–º–µ—Ä—ã_ s m l ‚Ä¢—Ü–µ–Ω–∞‚Ä¶.jpg,happy,sunny,morning,college,fitted,casual
/content/drive/MyDrive/What2WearImages/Outwear/cardigans/086589de-3221-40da-9ba4-ad04af96ab1a.jpg,happy,sunny,morning,college,fitted,casual
/content/drive/MyDrive/What2WearImages/Outwear/cardigans/090b7d9f-cf69-47d3-927d-6aa43d8fac71.jpg,happy,sunny,morning,college,fitted,casual
/content/drive/MyDrive/What2WearImages/Outwear/cardigans/123d3740-e266-422b-92b9-5eb066887bcc.jpg,happy,sunny,morning,college,fitted,casual
/content/drive/MyDrive/What2WearImages/Outwear/cardigans/2c39de13-abbb-4ff9-bf3b-be5eaf946f1d.jpg,happy,sunny,morning,college,fitted,casual
/content/drive/MyDrive/What2WearImages/Outwear/cardigans/3 Elegant Ways to Style COS' Trending Column Maxi‚Ä¶.jpg,happy,sunny,morning,college,fitted,casual
/content/drive/MyDrive/What2WearImages/Outwear/cardigans/5df8b470-3f34-4e1a-b164-83d52cd4ad46.jpg,happy,sunny,morning,college,fitted,casual
/content/drive/MyDrive/What2WearImages/Outwear/cardigans/743cb08d-6b70-4c84-8c33-0d8680eada96.jpg,happy,sunny,morning,college,fitted,casual
/content/drive/MyDrive/What2WearImages/Outwear/cardigans/7604768f-ccc0-41cb-8c94-698c25f13e3f.jpg,happy,sunny,morning,college,fitted,casual
/content/drive/MyDrive/What2WearImages/Outwear/cardigans/974187b7-d868-4fda-a417-27f20262198f.jpg,happy,sunny,morning,college,fitted,casual
/content/drive/MyDrive/What2WearImages/Outwear/cardigans/b4d0b7d5-3fed-4cae-a5a9-872acf9a50c8.jpg,happy,sunny,morning,college,fitted,casual
/content/drive/MyDrive/What2WearImages/Outwear/cardigans/bf5e4c87-d7f5-41db-b8ed-1a30ee8822b4.jpg,happy,sunny,morning,college,fitted,casual
/content/drive/MyDrive/What2WearImages/Outwear/cardigans/Button-up_ 12 of the best cardigans ‚Äì in pictures‚Ä¶.jpg,happy,sunny,morning,college,fitted,casual
/content/drive/MyDrive/What2WearImages/Outwear/cardigans/c87b6c64-9fec-4995-ab53-21d5ca8793ef.jpg,happy,sunny,morning,college,fitted,casual
/content/drive/MyDrive/What2WearImages/Outwear/cardigans/d8de919a-dae9-4cdc-bda3-ff030e3c4fc4.jpg,happy,sunny,morning,college,fitted,casual
"/content/drive/MyDrive/What2WearImages/Outwear/cardigans/Details_Composition_ 40% Polyester, 20% Nylon, 40%‚Ä¶.jpg",happy,sunny,morning,college,fitted,casual
/content/drive/MyDrive/What2WearImages/Outwear/cardigans/Elevate Your Style with Timeless Elegance‚Ä¶.jpg,romantic,humid,morning,college,fitted,comfy
"/content/drive/MyDrive/What2WearImages/Outwear/cardigans/Embrace Timeless Style & Comfort Introducing our‚Ä¶.jpg""",tired,cold,evening,home,oversized,casual
"/content/drive/MyDrive/What2WearImages/Outwear/cardigans/Fabric _ Polyester_ The fabric is comfortable‚Ä¶.jpg""",romantic,sunny,afternoon,work,fitted,cute
"/content/drive/MyDrive/What2WearImages/Outwear/cardigans/ffa6eed4-c211-47e7-b6fa-47901cd738ed.jpg""",neutral,foggy,morning,work,loose,edgy
"/content/drive/MyDrive/What2WearImages/Outwear/cardigans/From Polo Ralph Lauren&#x2C; this cardigan‚Ä¶.jpg""",confident,rainy,night,coffee date,loose,edgy
"/content/drive/MyDrive/What2WearImages/Outwear/cardigans/Los jers√©is m√°s bonitos de la pr√≥xima temporada‚Ä¶.jpg""",tired,cloudy,afternoon,picnic,loose,cute
"/content/drive/MyDrive/What2WearImages/Outwear/cardigans/Poetry - Cashmere zip-front cardigan.jpg""",anxious,windy,night,casual hang,loose,sporty
"/content/drive/MyDrive/What2WearImages/Outwear/cardigans/Washing instructions_ Hand Wash Composition‚Ä¶.jpg""",confident,rainy,night,work,fitted,formal
"/content/drive/MyDrive/What2WearImages/Outwear/hoddie/00c06617-6415-4d26-b0cc-7c8c5aa50121.jpg""",tired,foggy,afternoon,casual hang,loose,casual
"/content/drive/MyDrive/What2WearImages/Outwear/hoddie/4b25d5f3-8f8e-47ec-b84b-271c27213d24.jpg""",anxious,windy,evening,gym,loose,sporty
"/content/drive/MyDrive/What2WearImages/Outwear/hoddie/7af61ab1-5db1-405a-bfc7-0f53761166b2.jpg""",romantic,sunny,morning,picnic,loose,cute
"/content/drive/MyDrive/What2WearImages/Outwear/hoddie/9c609623-94a5-4ed2-8b6f-37f721429625.jpg""",anxious,humid,afternoon,home,oversized,comfy
"/content/drive/MyDrive/What2WearImages/Outwear/hoddie/285a21a5-e179-4062-8371-5cd051684c93.jpg""",neutral,cold,night,casual hang,oversized,sporty
"/content/drive/MyDrive/What2WearImages/Outwear/hoddie/1711facf-b39c-434e-948b-32bcabc195bd.jpg""",happy,humid,afternoon,brunch,loose,sporty
"/content/drive/MyDrive/What2WearImages/Outwear/hoddie/3649a17b-1fd1-408f-a74c-8c43bdf9c74f.jpg""",neutral,cloudy,afternoon,coffee date,loose,formal
"/content/drive/MyDrive/What2WearImages/Outwear/hoddie/926939b2-ea69-416e-93f2-393807fa0e79.jpg""",happy,sunny,morning,date,loose,cute
"/content/drive/MyDrive/What2WearImages/Outwear/hoddie/ae2c4bc4-dca2-40e7-8917-0c555e5684a2.jpg""",confident,windy,evening,casual hang,fitted,party
"/content/drive/MyDrive/What2WearImages/Outwear/hoddie/PRICES MAY VARY_ [Material] _ This mens oversized‚Ä¶.jpg""",neutral,cloudy,morning,date,loose,party
"/content/drive/MyDrive/What2WearImages/Outwear/hoddie/e3bc312c-405e-4798-8c90-c17cbca25861.jpg""",happy,rainy,afternoon,work,oversized,comfy
"/content/drive/MyDrive/What2WearImages/Outwear/hoddie/sanyamk Men Oversized Contrasting Colors Lapel‚Ä¶.jpg""",confident,foggy,afternoon,party,loose,date
"/content/drive/MyDrive/What2WearImages/Outwear/hoddie/Slightly cropped sweatshirt with raglan sleeves‚Ä¶.jpg""",anxious,sunny,morning,home,oversized,edgy
"/content/drive/MyDrive/What2WearImages/Outwear/hoddie/Stay Cozy in Style Introducing our Unisex Brushed‚Ä¶.jpg""",happy,humid,afternoon,party,loose,party
"/content/drive/MyDrive/What2WearImages/Outwear/hoddie/CROPPED BALLOON SWEATSHIRT WITH LABEL - Chocolate‚Ä¶.jpg""",tired,foggy,night,casual hang,fitted,formal
"/content/drive/MyDrive/What2WearImages/Outwear/hoddie/PRICES MAY VARY_ Lace Up closure Machine Wash.jpg""",neutral,cold,evening,casual hang,oversized,sporty
"/content/drive/MyDrive/What2WearImages/Outwear/jakets/2df96bbe-262a-4e0d-9144-a56a660b92df.jpg""",confident,rainy,evening,work,loose,casual
"/content/drive/MyDrive/What2WearImages/Outwear/jakets/6e48c3dc-3eda-4757-8bd4-c285215674af.jpg""",romantic,windy,night,party,fitted,date
"/content/drive/MyDrive/What2WearImages/Outwear/jakets/17b36a78-11b0-4a32-9354-c69cd57f08e6.jpg""",confident,cold,evening,work,fitted,casual
"/content/drive/MyDrive/What2WearImages/Outwear/jakets/42d8ff8f-91e2-4cef-a050-a8918633fcbd.jpg""",romantic,humid,afternoon,brunch,fitted,date
"/content/drive/MyDrive/What2WearImages/Outwear/jakets/78b89cbd-737c-441f-ac86-29a42fdcc22b.jpg""",neutral,rainy,night,work,loose,formal
"/content/drive/MyDrive/What2WearImages/Outwear/jakets/194fe72b-7836-4409-8b17-e3257ff612cb.jpg""",happy,cloudy,morning,picnic,fitted,cute
"/content/drive/MyDrive/What2WearImages/Outwear/jakets/202f7ab8-9616-4ed7-8662-8c72b4edb2c4.jpg""",anxious,windy,afternoon,brunch,loose,casual
"/content/drive/MyDrive/What2WearImages/Outwear/jakets/547a4ef6-e300-4e09-b48e-e6682ddf7ac2.jpg""",neutral,rainy,afternoon,work,oversized,casual
"/content/drive/MyDrive/What2WearImages/Outwear/jakets/7665ae79-dfb1-4562-a66e-59095a13dd3f.jpg""",confident,foggy,evening,coffee date,fitted,date
"/content/drive/MyDrive/What2WearImages/Outwear/jakets/62834e04-a871-4dbd-b578-afe875afa456.jpg""",happy,cloudy,morning,brunch,loose,formal
"/content/drive/MyDrive/What2WearImages/Outwear/jakets/a6d82bf5-250c-4bad-af0b-f0fad430bdae.jpg""",tired,cold,night,work,loose,formal
"/content/drive/MyDrive/What2WearImages/Outwear/jakets/ba87e5fa-dc85-42cc-ae96-44d133d60935.jpg""",anxious,foggy,evening,party,loose,date
"/content/drive/MyDrive/What2WearImages/Outwear/jakets/c3e026ad-13f8-4945-bca3-34d28a4fd921.jpg""",tired,humid,morning,work,loose,formal
"/content/drive/MyDrive/What2WearImages/Outwear/jakets/Designer fashion, Seoul-fully created _ W Concept.jpg""",happy,windy,morning,party,fitted,casual
"/content/drive/MyDrive/What2WearImages/Outwear/jakets/f07a6e21-6725-46b9-8431-8c4e494af6ed.jpg""",confident,cloudy,night,work,loose,casual
"/content/drive/MyDrive/What2WearImages/Outwear/jakets/How to Build an Edgy Capsule Wardrobe for Summer‚Ä¶.jpg""",tired,humid,afternoon,college,fitted,formal
"/content/drive/MyDrive/What2WearImages/Outwear/jakets/Nwt Zara Cropped Tweed Jacket Super Trendy Cropped‚Ä¶.jpg""",romantic,sunny,morning,work,fitted,date
"/content/drive/MyDrive/What2WearImages/Outwear/jakets/Transformer Blazer with Chest Pocket - Chocolate‚Ä¶.jpg""",confident,windy,evening,coffee date,loose,formal
"/content/drive/MyDrive/What2WearImages/Outwear/jakets/Zara Gingham Cropped Blazer.jpg""",anxious,foggy,afternoon,work,fitted,edgy
"/content/drive/MyDrive/What2WearImages/Outwear/jakets/–ñ–∞–∫–µ—Ç –∏–∑ —Ç–≤–∏–¥–∞ —Å –∫–∞—Ä–º–∞–Ω–∞–º–∏.jpg""",romantic,cloudy,morning,date,fitted,formal
"/content/drive/MyDrive/What2WearImages/Outwear/jakets/–ü–∏–¥–∂–∞–∫ –æ–≤–µ—Ä—Å–∞–π–∑ –≤ –∫–ª–µ—Ç–∫—É —Å—Ç–∏–ª—å–Ω–æ–µ —Ä–µ—à–µ–Ω–∏–µ –Ω–∞ –≤—ã—Ö–æ–¥.jpg""",neutral,rainy,afternoon,work,loose,formal
"/content/drive/MyDrive/What2WearImages/Partywear/#fashion #fashioninspo #fashionboard.jpg""",confident,humid,night,party,fitted,party
"/content/drive/MyDrive/What2WearImages/Partywear/‚ñ´Ô∏è‚¨úÔ∏è‚ñ´Ô∏è Outfit _ ShopLook.jpg""",neutral,cloudy,afternoon,coffee date,fitted,date
"/content/drive/MyDrive/What2WearImages/Partywear/2d978d4b-6f27-45b7-b81c-08ea9b9f8803.jpg""",happy,sunny,evening,party,fitted,party
"/content/drive/MyDrive/What2WearImages/Partywear/3b1318ce-d29f-4770-8962-b483dd6f17f5.jpg""",happy,sunny,evening,party,fitted,cute
"/content/drive/MyDrive/What2WearImages/Partywear/8644267e-843b-4798-a128-f6c59f97d944.jpg""",confident,cloudy,night,work,loose,formal
"/content/drive/MyDrive/What2WearImages/Partywear/bb3736f3-fea3-45cf-92da-7f3c31d293c5.jpg""",romantic,humid,afternoon,date,loose,date
"/content/drive/MyDrive/What2WearImages/Partywear/business manager outfit Outfit _ ShopLook.jpg""",romantic,sunny,morning,party,loose,date
"/content/drive/MyDrive/What2WearImages/Partywear/c2b70a44-2cd5-4acb-a645-6ae8e6f57335.jpg""",confident,rainy,afternoon,party,fitted,formal
"/content/drive/MyDrive/What2WearImages/Partywear/f427842d-f0e0-4b30-893e-b81227bb17b4.jpg""",happy,cloudy,night,date,fitted,date
"/content/drive/MyDrive/What2WearImages/Partywear/Fabric _ Polyester_ The fabric is comfortable for‚Ä¶.jpg""",happy,sunny,afternoon,party,fitted,cute
"/content/drive/MyDrive/What2WearImages/Partywear/fba557c8-f635-4cf4-a28f-68ebc0850156.jpg""",romantic,humid,afternoon,party,loose,party
"/content/drive/MyDrive/What2WearImages/Partywear/ff7ca92f-b4a0-4b42-b91c-8765d550e9ef.jpg""",happy,sunny,night,party,fitted,date
"/content/drive/MyDrive/What2WearImages/Partywear/Item Details Ôºö Product Number _ SD1547 Fabric‚Ä¶.jpg""",neutral,windy,evening,party,fitted,date
"/content/drive/MyDrive/What2WearImages/Partywear/Mermaid Halter Dusty Blue Long Satin Bridesmaid‚Ä¶.jpg""",romantic,sunny,afternoon,party,fitted,party
"/content/drive/MyDrive/What2WearImages/Partywear/This ethereal white gown is perfect for a‚Ä¶.jpg""",happy,sunny,morning,party,fitted,date
"/content/drive/MyDrive/What2WearImages/sets/gymwear/„Äê„Éà„É¨„É≥„Éâ„ÅÆ„É¶„Éã„Çª„ÉÉ„ÇØ„Çπ„Å™„Çø„Ç§„ÉÄ„Ç§ „Çª„ÉÉ„Éà„Ç¢„ÉÉ„Éó‚Ä¶.jpg""",neutral,cloudy,morning,home,loose,comfy
"/content/drive/MyDrive/What2WearImages/sets/gymwear/0ecfcb80-6bce-4a46-b459-b32584a3105c.jpg""",tired,foggy,afternoon,gym,fitted,sporty
"/content/drive/MyDrive/What2WearImages/sets/gymwear/3ad756d6-a8b2-4fda-ba3d-6cf6f0db7aa5.jpg""",tired,rainy,evening,gym,fitted,sporty
"/content/drive/MyDrive/What2WearImages/sets/gymwear/8590cade-dccc-4141-906a-6712ee74d6fc.jpg""",anxious,humid,morning,gym,fitted,sporty
"/content/drive/MyDrive/What2WearImages/sets/gymwear/Amazon_com_ OLCHEE Womens Workout Sets 2 Piece‚Ä¶.jpg""",happy,sunny,morning,gym,fitted,sporty
"/content/drive/MyDrive/What2WearImages/sets/gymwear/bcd17dff-ceae-43e4-81c7-ea50f761f443.jpg""",anxious,windy,afternoon,gym,fitted,sporty
"/content/drive/MyDrive/What2WearImages/sets/gymwear/Conjuntos exclusivos para voc√™ n√£o ir b√°sica‚Ä¶.jpg""",neutral,cloudy,morning,gym,fitted,sporty
"/content/drive/MyDrive/What2WearImages/sets/gymwear/d3488129-0144-43c8-a22f-51a234d9254a.jpg""",neutral,sunny,morning,gym,fitted,sporty
"/content/drive/MyDrive/What2WearImages/sets/gymwear/eb86909c-b550-4d33-9843-70958f86efb7.jpg""",tired,cold,afternoon,gym,oversized,sporty
"/content/drive/MyDrive/What2WearImages/sets/gymwear/Experience the ultimate blend of style and‚Ä¶.jpg""",happy,sunny,morning,gym,fitted,sporty
"/content/drive/MyDrive/What2WearImages/sets/gymwear/Features_ Basic style Number of pieces_ Two-piece‚Ä¶.jpg""",neutral,cold,evening,gym,fitted,sporty
"/content/drive/MyDrive/What2WearImages/sets/gymwear/Perfectly blending style and function, this romper‚Ä¶.jpg""",neutral,foggy,afternoon,gym,fitted,sporty
"/content/drive/MyDrive/What2WearImages/sets/gymwear/PRICES MAY VARY_ Size Table means age ranges for‚Ä¶.jpg""",tired,humid,morning,gym,loose,sporty
"/content/drive/MyDrive/What2WearImages/sets/gymwear/solidaykids_ru ‚Ä¢ family wear (@soliday_kids) ‚Ä¢‚Ä¶.jpg""",anxious,cold,evening,gym,loose,sporty
"/content/drive/MyDrive/What2WearImages/sets/gymwear/Takƒ±m.jpg""",tired,foggy,morning,gym,loose,sporty
"/content/drive/MyDrive/What2WearImages/sets/gymwear/The perfect on-the-go fit to knock out those‚Ä¶.jpg""",neutral,cloudy,evening,gym,fitted,sporty
"/content/drive/MyDrive/What2WearImages/sets/gymwear/–ö–æ–º–ø–ª–µ–∫—Ç –≤ —Ü–≤–µ—Ç–µ moonlight #aesthetic‚Ä¶.jpg""",anxious,foggy,afternoon,gym,fitted,sporty
"/content/drive/MyDrive/What2WearImages/sets/gymwear/–ö–æ—Å—Ç—é–º –¥–ª—è —Å–ø–æ—Ä—Ç–∞ –∂–µ–Ω—Å–∫–∏–µ —à–æ–∫–æ–ª–∞–¥–Ω—ã–π 14672.jpg""",anxious,cold,evening,gym,fitted,sporty
"/content/drive/MyDrive/What2WearImages/sets/loungewear/2pcs Women's Plaid Print Short Sleeve Button-Down‚Ä¶.jpg""",happy,sunny,morning,home,loose,cute
"/content/drive/MyDrive/What2WearImages/sets/loungewear/18eae792-6867-4b35-ad87-92443f87eef4.jpg""",anxious,rainy,morning,home,loose,comfy
"/content/drive/MyDrive/What2WearImages/sets/loungewear/43a9132f-5eda-4c83-9a48-48afd85625c7.jpg""",tired,foggy,morning,home,fitted,comfy
"/content/drive/MyDrive/What2WearImages/sets/loungewear/72bcd353-3165-4478-8c91-f86533f2fc46.jpg""",romantic,cold,night,home,loose,comfy
"/content/drive/MyDrive/What2WearImages/sets/loungewear/88c5a920-f0ff-4159-a9a9-1acffebbd76c.jpg""",neutral,humid,night,home,loose,comfy
"/content/drive/MyDrive/What2WearImages/sets/loungewear/509f993f-36a8-4393-91c7-2c3c159ee9db.jpg""",anxious,cloudy,night,home,fitted,comfy
"/content/drive/MyDrive/What2WearImages/sets/loungewear/a978705e-20c9-432e-baa2-f38538b4f46e.jpg""",happy,sunny,morning,home,fitted,comfy
"/content/drive/MyDrive/What2WearImages/sets/loungewear/An everyday-luxury pyjama set wrapped in signature‚Ä¶.jpg""",happy,sunny,morning,home,fitted,comfy
"/content/drive/MyDrive/What2WearImages/sets/loungewear/Knit Jersey Pajama Pant Set _ Old Navy.jpg""",happy,foggy,morning,home,loose,cute
"/content/drive/MyDrive/What2WearImages/sets/loungewear/Linda Pajama Set in Light Pink Gingham ‚Äì Draper‚Ä¶.jpg""",romantic,cloudy,evening,home,loose,cute
"/content/drive/MyDrive/What2WearImages/sets/loungewear/Poplin Pajama Pant Set _ Old Navy.jpg""",neutral,windy,night,home,loose,comfy
"/content/drive/MyDrive/What2WearImages/sets/loungewear/PRICES MAY VARY_ Material_ 2 piece floral lounge‚Ä¶.jpg""",neutral,sunny,morning,home,loose,cute
"/content/drive/MyDrive/What2WearImages/sets/loungewear/PRICES MAY VARY_ Ultra-Soft & Cooling Fabric_ Made‚Ä¶ (1).jpg""",tired,cloudy,evening,home,loose,comfy
"/content/drive/MyDrive/What2WearImages/sets/loungewear/PRICES MAY VARY_ Ultra-Soft & Cooling Fabric_ Made‚Ä¶.jpg""",tired,rainy,morning,home,loose,comfy
"/content/drive/MyDrive/What2WearImages/sets/loungewear/Pyjama shirt and shorts - Blue_White striped‚Ä¶.jpg""",happy,sunny,night,home,fitted,cute
"/content/drive/MyDrive/What2WearImages/sets/loungewear/Scalloped Pajama Set Short - Metallics Green ‚Äì‚Ä¶.jpg""",happy,sunny,morning,home,loose,cute
/content/drive/MyDrive/What2WearImages/TOPs/blouses/The Perfect French Capsule Wardrobe For Summer‚Ä¶.jpg,happy,sunny,afternoon,college,fitted,date
/content/drive/MyDrive/What2WearImages/TOPs/blouses/Vintage Women Loose Heart Pockets Shirts Fashion‚Ä¶.jpg,neutral,rainy,morning,work,fitted,formal
/content/drive/MyDrive/What2WearImages/TOPs/blouses/Âõ∫‰Ωì„Ç∑„Éï„Ç©„É≥„É¢„ÉÉ„ÇØ„Éç„ÉÉ„ÇØ„Éñ„É©„Ç¶„Çπ„ÄÅÊò•„Å®Áßã„ÅÆ„Åü„ÇÅ„ÅÆ„Ç®„É¨„Ç¨„É≥„Éà„Å™Èï∑Ë¢ñ„Éñ„É©„Ç¶„Çπ„ÄÅÂ©¶‰∫∫Êúç - Temu‚Ä¶.jpg,romantic,humid,afternoon,brunch,loose,date
/content/drive/MyDrive/What2WearImages/TOPs/blouses/& Other Stories Jacquard Puff Sleeve Wrap Blouse.jpg,happy,sunny,morning,coffee date,fitted,cute
/content/drive/MyDrive/What2WearImages/TOPs/blouses/2 in 1 Corset Button Up Blouse ‚Äì after MODA.jpg,confident,cloudy,afternoon,work,fitted,casual
/content/drive/MyDrive/What2WearImages/TOPs/blouses/5 pe√ßas de tend√™ncia para atualizar seu‚Ä¶.jpg,romantic,windy,morning,college,fitted,casual
/content/drive/MyDrive/What2WearImages/TOPs/blouses/8b26b893-c8ae-49c2-837e-c10105c7d5f2.jpg,romantic,windy,morning,college,fitted,cute
/content/drive/MyDrive/What2WearImages/TOPs/blouses/8dbff18b-b577-42e2-a321-5ff5b7928c84.jpg,romantic,windy,morning,college,fitted,casual
/content/drive/MyDrive/What2WearImages/TOPs/blouses/24b0189f-c7a1-4188-92df-b2f448385575.jpg,romantic,windy,morning,college,fitted,cute
/content/drive/MyDrive/What2WearImages/TOPs/blouses/75c83ddb-cd96-4742-9f52-aa27edd2caac.jpg,romantic,windy,morning,college,fitted,date
/content/drive/MyDrive/What2WearImages/TOPs/blouses/2305bee0-117d-4284-86ea-1d7241a40a5e.jpg,romantic,windy,morning,college,fitted,cute
/content/drive/MyDrive/What2WearImages/TOPs/blouses/2473a6b4-4a00-4f67-b35b-d1d256b62a2b.jpg,romantic,windy,morning,college,fitted,date
/content/drive/MyDrive/What2WearImages/TOPs/blouses/70020eee-391f-4aee-b64b-a7cb7ae2c0da.jpg,happy,cloudy,afternoon,coffee date,fitted,casual
/content/drive/MyDrive/What2WearImages/TOPs/blouses/American Express.jpg,happy,cloudy,afternoon,coffee date,fitted,casual
/content/drive/MyDrive/What2WearImages/TOPs/blouses/b8eb0988-615d-4a85-aefa-b1bf4c73bdc8.jpg,happy,cloudy,afternoon,coffee date,fitted,casual
/content/drive/MyDrive/What2WearImages/TOPs/blouses/b51d4801-a843-4817-94b0-181c14f0cef4.jpg,happy,cloudy,afternoon,coffee date,fitted,casual
/content/drive/MyDrive/What2WearImages/TOPs/blouses/c4d3af3b-355b-416c-a2fb-5b3506769b81.jpg,happy,cloudy,afternoon,coffee date,fitted,casual
/content/drive/MyDrive/What2WearImages/TOPs/blouses/dcc5dc84-9ae3-4432-bd8a-9207fcce4ab5.jpg,happy,cloudy,afternoon,coffee date,fitted,casual
/content/drive/MyDrive/What2WearImages/TOPs/blouses/Details Occasion Work Category Tops Composition‚Ä¶.jpg,confident,foggy,morning,work,loose,casual
/content/drive/MyDrive/What2WearImages/TOPs/blouses/DETAILS Size Guide Long Sleeve Shirt100%‚Ä¶.jpg,confident,foggy,morning,work,loose,casual
/content/drive/MyDrive/What2WearImages/TOPs/blouses/e7d58609-b838-408a-87f8-91c25bc9618b.jpg,confident,foggy,morning,work,loose,casual
/content/drive/MyDrive/What2WearImages/TOPs/blouses/Flounced top - Blue_White_Striped - Ladies _ H&M‚Ä¶.jpg,confident,foggy,morning,work,loose,casual
/content/drive/MyDrive/What2WearImages/TOPs/blouses/Lasaky - Sophisticated Tie-Back Solid Blouse with‚Ä¶.jpg,confident,foggy,morning,work,loose,casual
/content/drive/MyDrive/What2WearImages/TOPs/blouses/Le camicette sono il capo pi√π versatile del‚Ä¶.jpg,romantic,sunny,afternoon,brunch,fitted,date
/content/drive/MyDrive/What2WearImages/TOPs/blouses/Material Cotton Pattern Type Flowers Element‚Ä¶.jpg,romantic,sunny,afternoon,brunch,fitted,date
/content/drive/MyDrive/What2WearImages/TOPs/blouses/Minimalism and classic is all about Club Monaco‚Ä¶.jpg,romantic,sunny,afternoon,brunch,fitted,date
/content/drive/MyDrive/What2WearImages/TOPs/blouses/Pin on Moda 2018.jpg,romantic,sunny,afternoon,brunch,fitted,date
/content/drive/MyDrive/What2WearImages/TOPs/blouses/Season _ Spring_SummerAge _ MIDDLE AGEThickness‚Ä¶.jpg,romantic,sunny,afternoon,brunch,fitted,date
/content/drive/MyDrive/What2WearImages/TOPs/blouses/SHEIN MOD Plus Size White Cute Girl Off Shoulder‚Ä¶.jpg,romantic,sunny,afternoon,brunch,fitted,date
/content/drive/MyDrive/What2WearImages/TOPs/crop tops/b296fa6d-060c-4de3-be3a-a307c43df631.jpg,neutral,sunny,morning,picnic,fitted,cute
"/content/drive/MyDrive/What2WearImages/TOPs/crop tops/Branco Casual,Fofo Collar Manga Curta Tecido Bloco‚Ä¶.jpg",neutral,sunny,morning,picnic,fitted,cute
/content/drive/MyDrive/What2WearImages/TOPs/crop tops/c423fffd-9647-4d3f-8124-20f81ed9cffa.jpg,neutral,sunny,morning,picnic,fitted,cute
/content/drive/MyDrive/What2WearImages/TOPs/crop tops/Check out this listing I just found on Poshmark‚Ä¶.jpg,neutral,sunny,morning,picnic,fitted,cute
/content/drive/MyDrive/What2WearImages/TOPs/crop tops/Crop top is very comfortable and has high quality‚Ä¶.jpg,neutral,sunny,morning,picnic,fitted,cute
"/content/drive/MyDrive/What2WearImages/TOPs/crop tops/Details Composition_ 80% Polyester, 20% Elastane‚Ä¶.jpg",neutral,sunny,morning,picnic,fitted,cute
/content/drive/MyDrive/What2WearImages/TOPs/crop tops/Details Occasion Casual Category Tops Composition‚Ä¶.jpg,neutral,sunny,morning,picnic,fitted,cute
/content/drive/MyDrive/What2WearImages/TOPs/crop tops/e38f4123-55dc-4aae-ace7-f2304ed65833.jpg,neutral,sunny,morning,picnic,fitted,cute
/content/drive/MyDrive/What2WearImages/TOPs/crop tops/f5a98e8d-0694-4c51-ab35-97763fe0af34.jpg,neutral,sunny,morning,picnic,fitted,cute
"/content/drive/MyDrive/What2WearImages/TOPs/crop tops/Features_ Lace Detail, Bow Sheer_ Opaque Stretch‚Ä¶.jpg",happy,cloudy,afternoon,casual hang,fitted,cute
/content/drive/MyDrive/What2WearImages/TOPs/crop tops/Flounced top - Blue_White_Striped - Ladies _ H&M‚Ä¶.jpg,happy,cloudy,afternoon,casual hang,fitted,cute
/content/drive/MyDrive/What2WearImages/TOPs/crop tops/Hyannis Top ‚Äì Cara Cara.jpg,happy,cloudy,afternoon,casual hang,fitted,cute
/content/drive/MyDrive/What2WearImages/TOPs/crop tops/Model (WearingXS)_‚Ä¢ Height_ 171cm _ Bust_ 83cm‚Ä¶.jpg,happy,cloudy,afternoon,casual hang,fitted,cute
/content/drive/MyDrive/What2WearImages/TOPs/crop tops/Plus Size Sweet Pink Pleated Ruffle Trim Camisole‚Ä¶.jpg,happy,cloudy,afternoon,casual hang,fitted,cute
/content/drive/MyDrive/What2WearImages/TOPs/crop tops/Shipping_ Worldwide¬†Express¬†Shipping‚Ä¶ (1).jpg,happy,cloudy,afternoon,casual hang,fitted,cute
/content/drive/MyDrive/What2WearImages/TOPs/crop tops/Shipping_ Worldwide¬†Express¬†Shipping‚Ä¶.jpg,happy,cloudy,afternoon,casual hang,fitted,cute
/content/drive/MyDrive/What2WearImages/TOPs/crop tops/This Halter Neck Crop Top features stylish bow‚Ä¶.jpg,happy,cloudy,afternoon,casual hang,fitted,cute
"/content/drive/MyDrive/What2WearImages/TOPs/crop tops/tops are individually¬†screen printed by hand, so‚Ä¶.jpg",anxious,humid,night,picnic,fitted,cute
/content/drive/MyDrive/What2WearImages/TOPs/crop tops/We Already Know the 19 Hottest Designer Buys for‚Ä¶.jpg,anxious,humid,night,picnic,fitted,cute
"/content/drive/MyDrive/What2WearImages/TOPs/crop tops/—Ç–æ–ø –∂–µ–Ω—Å–∫–∏–π, —Ç–æ–ø –∂–µ–Ω—Å–∫–∏–π –∫–æ—Ä–æ—Ç–∫–∏–π, —Ç–æ–ø –∂–µ–Ω—Å–∫–∏–π‚Ä¶.jpg",anxious,humid,night,picnic,fitted,cute
"/content/drive/MyDrive/What2WearImages/TOPs/crop tops/ùíúùí∑‚Ñ¥ùìäùìâ_ Cotton, Polyester ‚ô° ùìºùì≤ùîÉùì≤ùì∑ùì∞ ‚ô° S‚Ä¶.jpg",anxious,humid,night,picnic,fitted,cute
/content/drive/MyDrive/What2WearImages/TOPs/crop tops/_Shein HUAL CROP TOPS - 1200 NAIRA ONLYü•µü•µü•µü•µ‚Ä¶ (1).jpg,anxious,humid,night,picnic,fitted,cute
/content/drive/MyDrive/What2WearImages/TOPs/crop tops/1a5cdd79-330c-456a-aa39-2be3e99102f3.jpg,anxious,humid,night,picnic,fitted,cute
/content/drive/MyDrive/What2WearImages/TOPs/crop tops/032d8577-37f7-4b9c-a747-0d5d8f5be924.jpg,neutral,cloudy,morning,casual hang,fitted,casual
/content/drive/MyDrive/What2WearImages/TOPs/crop tops/349eed9c-cc87-441a-b7a2-3b62b257d56a.jpg,neutral,cloudy,morning,casual hang,fitted,casual
/content/drive/MyDrive/What2WearImages/TOPs/crop tops/0613fafa-c376-49d2-911e-0fb927a625c6.jpg,neutral,cloudy,morning,casual hang,fitted,casual
/content/drive/MyDrive/What2WearImages/TOPs/crop tops/669ee67d-094f-4c6c-85de-ea08e3e308e4.jpg,neutral,cloudy,morning,casual hang,fitted,casual
/content/drive/MyDrive/What2WearImages/TOPs/crop tops/895e34d9-9334-48d4-b123-29c1993ed831.jpg,neutral,cloudy,morning,casual hang,fitted,casual
/content/drive/MyDrive/What2WearImages/TOPs/crop tops/3970c18f-598d-466c-b359-d1d9b87c0a0c.jpg,neutral,cloudy,morning,casual hang,fitted,casual
/content/drive/MyDrive/What2WearImages/TOPs/crop tops/4551095c-7da5-4bac-92d6-c54dca032d3a.jpg,neutral,cloudy,morning,casual hang,fitted,casual
/content/drive/MyDrive/What2WearImages/TOPs/crop tops/88866589-3167-4ee5-bc77-079a9f66dcd5.jpg,neutral,cloudy,morning,casual hang,fitted,casual
/content/drive/MyDrive/What2WearImages/TOPs/shirts/Double-Button Shirt in Bold Stripe ‚Äì Alex Mill.jpg,confident,windy,afternoon,college,loose,casual
/content/drive/MyDrive/What2WearImages/TOPs/shirts/Introducing our luxurious Saviig Elegant Satin‚Ä¶.jpg,confident,windy,afternoon,college,loose,casual
/content/drive/MyDrive/What2WearImages/TOPs/shirts/It's no secret ruffles are all the rage this‚Ä¶.jpg,confident,windy,afternoon,college,loose,casual
/content/drive/MyDrive/What2WearImages/TOPs/shirts/joefsf.jpg,confident,windy,afternoon,college,loose,casual
/content/drive/MyDrive/What2WearImages/TOPs/shirts/La dise√±adora brit√°nica ha acertado con unos‚Ä¶.jpg,confident,windy,afternoon,college,loose,casual
/content/drive/MyDrive/What2WearImages/TOPs/shirts/Maintain the retro-nostalgic mood in this metallic‚Ä¶.jpg,confident,windy,afternoon,college,loose,casual
/content/drive/MyDrive/What2WearImages/TOPs/shirts/Nanushka Idris Terracotta Cotton-Blend Shirt.jpg,confident,windy,afternoon,college,loose,casual
/content/drive/MyDrive/What2WearImages/TOPs/shirts/Pinstripes bring a menswear-inspired vibe to this‚Ä¶.jpg,confident,windy,afternoon,college,loose,casual
/content/drive/MyDrive/What2WearImages/TOPs/shirts/Poetry - Indigo-dyed hemp cotton tunic.jpg,confident,windy,afternoon,college,loose,casual
/content/drive/MyDrive/What2WearImages/TOPs/shirts/Product Information Fabric name_ cottonMain fabric‚Ä¶.jpg,romantic,sunny,evening,work,loose,casual
/content/drive/MyDrive/What2WearImages/TOPs/shirts/Prototypes.jpg,romantic,sunny,evening,work,loose,casual
/content/drive/MyDrive/What2WearImages/TOPs/shirts/Ruffled Denim Shirt - Dark Grey - Shirts - & Other‚Ä¶.jpg,romantic,sunny,evening,work,loose,casual
/content/drive/MyDrive/What2WearImages/TOPs/shirts/SHEIN MOD Women's Turn-Down Collar Long Sleeve‚Ä¶.jpg,romantic,sunny,evening,work,loose,casual
/content/drive/MyDrive/What2WearImages/TOPs/shirts/The Olive Green Colour Trend Is Everywhere‚ÄîHere's‚Ä¶.jpg,romantic,sunny,evening,work,loose,casual
/content/drive/MyDrive/What2WearImages/TOPs/shirts/This Nanushka shirt is crafted from a recycled‚Ä¶.jpg,romantic,sunny,evening,work,loose,casual
/content/drive/MyDrive/What2WearImages/TOPs/shirts/Y2K Korean Striped Shoujo Shirt_ Playful and‚Ä¶.jpg,romantic,sunny,evening,work,loose,casual
/content/drive/MyDrive/What2WearImages/TOPs/shirts/–î–∂–∏–Ω—Å–æ–≤–∞—è —Ä—É–±–∞—à–∫–∞ —Å —Ä—É–∫–∞–≤–∞–º–∏-—Ñ–æ–Ω–∞—Ä–∏–∫–∞–º–∏ - –ñ–µ–Ω—Å–∫–∞—è‚Ä¶.jpg,romantic,sunny,evening,work,loose,casual
/content/drive/MyDrive/What2WearImages/TOPs/shirts/#diadospais #talpaitalfilho #deniminfantil‚Ä¶.jpg,anxious,foggy,night,college,fitted,cute
/content/drive/MyDrive/What2WearImages/TOPs/shirts/„Äê„ÇØ„É©„Éç_CLANE„Äë„ÅÆMESH LANTERN JACKET_„Ç∏„É£„Ç±„ÉÉ„Éà‚Ä¶.jpg,anxious,foggy,night,college,fitted,cute
/content/drive/MyDrive/What2WearImages/TOPs/shirts/‚Ä¶.jpg,anxious,foggy,night,college,fitted,cute
/content/drive/MyDrive/What2WearImages/TOPs/shirts/2d905e66-c6b1-4f60-bcf9-bdca66af67f6.jpg,anxious,foggy,night,college,fitted,cute
/content/drive/MyDrive/What2WearImages/TOPs/shirts/05dd8fba-d96d-40d9-9c21-c3231628b85b.jpg,anxious,foggy,night,college,fitted,cute
/content/drive/MyDrive/What2WearImages/TOPs/shirts/5b296472-abee-44d2-8577-2495436b0d83.jpg,anxious,foggy,night,college,fitted,cute
/content/drive/MyDrive/What2WearImages/TOPs/shirts/7eb9837a-bd08-471b-ab28-cddc83190994.jpg,anxious,foggy,night,college,fitted,cute
/content/drive/MyDrive/What2WearImages/TOPs/shirts/8e5dd88e-8b1f-4afc-8fe6-1ba7b381973d.jpg,anxious,foggy,night,college,fitted,cute
/content/drive/MyDrive/What2WearImages/TOPs/shirts/12 Chic Yet Easy Spring Outfits With Jeans In 2024‚Ä¶.jpg,anxious,foggy,night,college,fitted,cute
/content/drive/MyDrive/What2WearImages/TOPs/shirts/22fae940-5e78-46e9-a4db-f7690e9991bc.jpg,happy,sunny,afternoon,work,loose,formal
/content/drive/MyDrive/What2WearImages/TOPs/shirts/28db363d-4df6-40c3-90a9-5f8b2e79895a.jpg,happy,sunny,afternoon,work,loose,formal
/content/drive/MyDrive/What2WearImages/TOPs/shirts/30 Chic Items to Shop From Net-a-Porter's 15% Off‚Ä¶.jpg,happy,sunny,afternoon,work,loose,formal
/content/drive/MyDrive/What2WearImages/TOPs/shirts/51bf4829-d46a-4550-8c61-9b5c58bc9c39.jpg,happy,sunny,afternoon,work,loose,formal
/content/drive/MyDrive/What2WearImages/TOPs/shirts/057d9ab3-fa03-42ce-be40-e9fcbbd890f5.jpg,happy,sunny,afternoon,work,loose,formal
/content/drive/MyDrive/What2WearImages/TOPs/shirts/564b368e-f2f2-4348-8f14-3c2ce805b7e3.jpg,happy,sunny,afternoon,work,loose,formal
/content/drive/MyDrive/What2WearImages/TOPs/shirts/714dc794-98e6-4554-a18f-f4ae48176f94.jpg,happy,sunny,afternoon,work,loose,formal
/content/drive/MyDrive/What2WearImages/TOPs/shirts/931e7a64-788c-4a04-a495-8ac49bce0cfa.jpg,happy,sunny,afternoon,work,loose,formal
/content/drive/MyDrive/What2WearImages/TOPs/shirts/16325d74-db9c-41ee-a1e9-0340082918a4.jpg,happy,sunny,afternoon,work,loose,formal
/content/drive/MyDrive/What2WearImages/TOPs/shirts/69565d76-acaf-4eae-8394-b162f403924e.jpg,tired,rainy,afternoon,picnic,loose,comfy
/content/drive/MyDrive/What2WearImages/TOPs/shirts/94450f90-2a40-47b2-87c7-fa431c8d8fa4.jpg,tired,rainy,afternoon,picnic,loose,comfy
/content/drive/MyDrive/What2WearImages/TOPs/shirts/4022532f-547c-4a82-ba72-72390611b29b.jpg,tired,rainy,afternoon,picnic,loose,comfy
/content/drive/MyDrive/What2WearImages/TOPs/shirts/b81edc72-3047-4ee6-abf0-3170afc40c8b.jpg,tired,rainy,afternoon,picnic,loose,comfy
/content/drive/MyDrive/What2WearImages/TOPs/shirts/ba9d993f-3442-4504-941f-83f79929c6e7.jpg,tired,rainy,afternoon,picnic,loose,comfy
/content/drive/MyDrive/What2WearImages/TOPs/shirts/c7c21e2b-7713-4d37-99b3-6851340a31b3.jpg,tired,rainy,afternoon,picnic,loose,comfy
"/content/drive/MyDrive/What2WearImages/TOPs/shirts/Camisa b√°sica em tecido de popelina, com gola‚Ä¶.jpg",tired,rainy,afternoon,picnic,loose,comfy
/content/drive/MyDrive/What2WearImages/TOPs/shirts/cdc0d70e-18f8-40e7-81d3-84079337b443.jpg,neutral,cloudy,morning,brunch,fitted,casual
/content/drive/MyDrive/What2WearImages/TOPs/shirts/Chemise en denim grande taille - Bleu denim‚Ä¶.jpg,neutral,cloudy,morning,brunch,fitted,casual
/content/drive/MyDrive/What2WearImages/TOPs/shirts/d85bf02a-ca5c-49a2-b022-7de32eb15ee0.jpg,neutral,cloudy,morning,brunch,fitted,casual
/content/drive/MyDrive/What2WearImages/TOPs/shirts/d99bfef9-7703-45b5-8dbf-fe56fd9a0a34.jpg,neutral,cloudy,morning,brunch,fitted,casual
/content/drive/MyDrive/What2WearImages/TOPs/shirts/d813866c-2d5b-4502-aa22-e899cfc2754c.jpg,neutral,cloudy,morning,brunch,fitted,casual
/content/drive/MyDrive/What2WearImages/TOPs/T shirts/Met een kleine opdruk op de borst en een grote‚Ä¶.jpg,tired,humid,evening,casual hang,oversized,casual
/content/drive/MyDrive/What2WearImages/TOPs/T shirts/Nice quality but if you want it to look like in‚Ä¶.jpg,tired,humid,evening,casual hang,oversized,casual
/content/drive/MyDrive/What2WearImages/TOPs/T shirts/NOTBRAND Sports Print T-Shirt 100% Cotton Crew‚Ä¶.jpg,tired,humid,evening,casual hang,oversized,casual
/content/drive/MyDrive/What2WearImages/TOPs/T shirts/Our _Hotel Shirley_ ringer tee was made from a‚Ä¶.jpg,tired,humid,evening,casual hang,oversized,casual
/content/drive/MyDrive/What2WearImages/TOPs/T shirts/Recommend.jpg,tired,humid,evening,casual hang,oversized,casual
/content/drive/MyDrive/What2WearImages/TOPs/T shirts/Success is a calm nervous system is a factüßòüèª_‚ôÄÔ∏è‚Ä¶.jpg,tired,humid,evening,casual hang,oversized,casual
/content/drive/MyDrive/What2WearImages/TOPs/T shirts/‚ñ†green label relaxing Âà•Ê≥®„Ç¢„Ç§„ÉÜ„É†‚ñ†ÔºúRUSSELL ATHLETICÔºûÂà•Ê≥®‚Ä¶.jpg,tired,humid,evening,casual hang,oversized,casual
/content/drive/MyDrive/What2WearImages/TOPs/T shirts/1ff49119-1009-4bf6-a749-4409eecafe65.jpg,tired,humid,evening,casual hang,oversized,casual
/content/drive/MyDrive/What2WearImages/TOPs/T shirts/3 Pcs Oversized Heavy Cotton Summer T-Shirts‚Ä¶.jpg,tired,humid,evening,casual hang,oversized,casual
/content/drive/MyDrive/What2WearImages/TOPs/T shirts/3f090c26-b1aa-4def-94e9-6172b3110e60.jpg,happy,sunny,night,picnic,oversized,casual
/content/drive/MyDrive/What2WearImages/TOPs/T shirts/22e92ec9-99f7-4531-911c-9635145f7d87.jpg,happy,sunny,night,picnic,oversized,casual
/content/drive/MyDrive/What2WearImages/TOPs/T shirts/89ff932e-3168-4efa-96c7-3cb304648301.jpg,happy,sunny,night,picnic,oversized,casual
/content/drive/MyDrive/What2WearImages/TOPs/T shirts/1345cf15-75cf-45b0-935d-89e200750b61.jpg,happy,sunny,night,picnic,oversized,casual
/content/drive/MyDrive/What2WearImages/TOPs/T shirts/50657dae-c71d-4359-96bc-9f7e8b97d8dc.jpg,happy,sunny,night,picnic,oversized,casual
/content/drive/MyDrive/What2WearImages/TOPs/T shirts/a438a218-8a19-4778-a550-450d1baa79aa.jpg,happy,sunny,night,picnic,oversized,casual
/content/drive/MyDrive/What2WearImages/TOPs/T shirts/aaddd9aa-0bd7-460c-96f9-6a94865a60c7.jpg,happy,sunny,night,picnic,oversized,casual
/content/drive/MyDrive/What2WearImages/TOPs/T shirts/ae862ee1-0ce6-4d95-af2a-494e4dbf1b99.jpg,happy,sunny,night,picnic,oversized,casual
/content/drive/MyDrive/What2WearImages/TOPs/T shirts/Aelfric Eden Mens Hipster Print Oversized Shirts‚Ä¶.jpg,happy,sunny,night,picnic,oversized,casual
/content/drive/MyDrive/What2WearImages/TOPs/T shirts/af7c87fe-f4b4-4049-b57c-102934c01bbe.jpg,happy,sunny,night,college,oversized,casual
/content/drive/MyDrive/What2WearImages/TOPs/T shirts/d73349f9-f26d-43d9-ad02-23c41181a1b5.jpg,happy,sunny,night,home,oversized,casual
/content/drive/MyDrive/What2WearImages/TOPs/T shirts/Discover effortless style with our Another Sweet‚Ä¶.jpg,confident,foggy,evening,home,oversized,cute
/content/drive/MyDrive/What2WearImages/TOPs/T shirts/Download 114618+ diverse product mockups!  Works‚Ä¶.jpg,confident,foggy,afternoon,party,oversized,cute
/content/drive/MyDrive/What2WearImages/Traditional/f06b4274-db9b-4ec6-8ea4-637570651f80.jpg,happy,sunny,afternoon,party,fitted,party
"/content/drive/MyDrive/What2WearImages/Traditional/This handcrafted, off-the-shoulder dress features‚Ä¶.jpg",happy,sunny,afternoon,party,fitted,party
/content/drive/MyDrive/What2WearImages/Traditional/ZV-3073 ‚ù§Ô∏èüëå üí•üíïPresenting New Wedding Collection‚Ä¶.jpg,happy,sunny,afternoon,party,fitted,party
/content/drive/MyDrive/What2WearImages/Traditional/04e69519-2fb2-4c42-bc0d-ca4a1604e88c.jpg,happy,sunny,afternoon,party,fitted,party
/content/drive/MyDrive/What2WearImages/Traditional/5dd736dd-3766-4259-b745-72bed3d7a090.jpg,happy,sunny,afternoon,party,fitted,party
/content/drive/MyDrive/What2WearImages/Traditional/94f7950b-2151-4d09-9df3-9c3d36939bf2.jpg,happy,sunny,afternoon,party,fitted,party
/content/drive/MyDrive/What2WearImages/Traditional/0997515f-b39a-45b3-bf4d-6476a17a75cf.jpg,happy,sunny,afternoon,party,fitted,party
/content/drive/MyDrive/What2WearImages/Traditional/a5d0e479-7d92-4b2a-8453-c5ddda2a8a67.jpg,happy,sunny,afternoon,party,fitted,party
/content/drive/MyDrive/What2WearImages/Traditional/ab1a85f4-5cb5-4495-bc1e-72bf9ea069e8.jpg,happy,sunny,afternoon,party,fitted,party
/content/drive/MyDrive/What2WearImages/Traditional/b8057c2d-9ecb-44cb-bb14-d96ae0f1c62a.jpg,happy,sunny,afternoon,party,fitted,party
/content/drive/MyDrive/What2WearImages/Traditional/d24bfa5c-208b-417d-a94a-f15a3153dd19.jpg,happy,sunny,afternoon,party,fitted,party
/content/drive/MyDrive/What2WearImages/Traditional/EvaandSangeeta Kathmandu _ Eva & Sangeeta‚Ä¶.jpg,happy,sunny,afternoon,party,fitted,party